Name,Department,Citations_All,H_Index_All
Lawrence Ekebafe,Chemistry,963.0,16.0
Wesley Okiei,Chemistry,1079.0,17.0
Babajide Alo,Chemistry,2558.0,24.0
Modupe Ogunlesi,Chemistry,202.0,4.0
Oluwole Familoni,Chemistry,1735.0,23.0
Kehinde Olayinka,Chemistry,1610.0,21.0
Olayinka Asekun,Chemistry,1000.0,14.0
Olusegun Ayejuyo,Chemistry,2365.0,25.0
Luqman Adams,Chemistry,901.0,17.0
Tolulope Fasina,Chemistry,57.0,3.0
Temilola Oluseyi,Chemistry,79.0,5.0
Adebayo Akinbulu,Chemistry,317.0,10.0
Rose Alani,Chemistry,1207.0,20.0
Rafiu Shaibu,Chemistry,638.0,7.0
Taofeeq Ogunbayo,Chemistry,266.0,10.0
Oluwakemi Whenu,Chemistry,246.0,9.0
Idris Olasupo,Chemistry,134.0,6.0
Akeem Abayomi,Chemistry,294.0,11.0
Ayorinde Nejo,Chemistry,678.0,13.0
Khadijah Abdulwahab,Chemistry,157.0,7.0
Josephat Izunobi,Chemistry,754.0,9.0
Cordelia Dueke,Chemistry,319.0,10.0
Felicia Ejiah,Chemistry,216.0,6.0
Oluwatoyin Adetunde,Chemistry,690.0,13.0
Kelechi Asekunowo,Chemistry,59.0,4.0
Oluwabusayo Semire,Chemistry,,
Adetoun Akitoye,Chemistry,59.0,5.0
